epoch,time,train/box_loss,train/pose_loss,train/kobj_loss,train/cls_loss,train/dfl_loss,metrics/precision(B),metrics/recall(B),metrics/mAP50(B),metrics/mAP50-95(B),metrics/precision(P),metrics/recall(P),metrics/mAP50(P),metrics/mAP50-95(P),val/box_loss,val/pose_loss,val/kobj_loss,val/cls_loss,val/dfl_loss,lr/pg0,lr/pg1,lr/pg2
1,13.3206,3.89066,9.82449,1.31834,7.12796,9.75936,0.11429,0.30769,0.04787,0.00507,0,0,0,0,4.08165,9.71489,1.419,2.38262,9.04673,7.5e-05,7.5e-05,0.075075
2,15.6342,3.40862,9.57244,1.32574,6.21061,8.79513,0.11111,0.30769,0.04676,0.00514,0,0,0,0,4.09439,9.78116,1.41526,2.25037,9.11482,0.000174567,0.000174567,0.0418412
3,17.9664,3.65365,9.4813,1.33248,6.29804,9.12934,0.12821,0.38462,0.055,0.00665,0,0,0,0,4.09847,9.91208,1.40699,2.14538,9.17556,0.000273639,0.000273639,0.00860697
4,20.2953,4.37115,10.089,1.30412,8.02561,10.5491,0.11628,0.38462,0.06016,0.00625,0,0,0,0,4.09555,9.96742,1.39719,2.02164,9.29452,0.000297773,0.000297773,0.000297773
5,22.5553,3.83891,9.85738,1.31393,7.37014,9.49806,0.16772,0.30769,0.08719,0.00892,0,0,0,0,4.10115,10.0272,1.39615,1.93599,9.41172,0.00029703,0.00029703,0.00029703
6,24.8701,3.70245,9.58333,1.34651,5.84033,9.71098,0.1,0.38462,0.05224,0.00542,0,0,0,0,4.1138,10.0908,1.38829,1.94051,9.50138,0.000296288,0.000296288,0.000296288
7,27.1314,3.60805,9.55762,1.31583,6.6213,9.25074,0.11714,0.23077,0.04288,0.00429,0,0,0,0,4.15178,10.1617,1.38198,2.00199,9.62875,0.000295545,0.000295545,0.000295545
8,29.4433,3.38906,9.00069,1.37774,3.4689,7.26423,0.13994,0.15385,0.02738,0.00331,0,0,0,0,4.65201,10.1334,1.54435,2.28269,9.5104,0.000294802,0.000294802,0.000294802
9,31.89,3.28232,8.72778,1.40949,2.01679,5.89035,0.09914,0.23077,0.05113,0.0056,0,0,0,0,4.02549,9.44263,1.50468,3.24206,7.99358,0.00029406,0.00029406,0.00029406
10,34.2353,2.82729,7.87877,1.52318,1.17399,4.74104,0.35212,0.46154,0.58518,0.11359,0,0,0,0,3.34478,8.4854,1.57758,2.82077,7.36158,0.000293317,0.000293317,0.000293317
11,36.8026,2.89818,7.24204,1.6342,1.11196,4.41654,0.46168,0.92308,0.69994,0.13081,0,0,0,0,3.20118,7.2984,1.77361,2.90821,6.61758,0.000292575,0.000292575,0.000292575
12,39.4401,3.27026,7.11106,1.69027,1.09079,4.20319,0.58382,0.86395,0.858,0.18192,0.10946,0.23077,0.03682,0.00404,3.14174,6.85084,1.90711,2.54169,5.95052,0.000291833,0.000291833,0.000291833
13,42.209,3.40534,6.77058,1.8261,1.10218,4.44361,0.92077,0.92308,0.96021,0.23297,0.40983,0.38462,0.25603,0.05575,3.06794,5.8573,1.87587,1.53851,6.01836,0.00029109,0.00029109,0.00029109
14,45.004,2.94712,5.73885,1.98587,0.94193,4.29614,0.9263,0.92308,0.9587,0.26622,0.92567,0.53846,0.535,0.155,3.02159,6.45704,1.68171,1.18725,5.6799,0.000290347,0.000290347,0.000290347
15,47.8014,2.85295,5.23378,1.91234,1.00808,4.2214,0.92932,0.92308,0.98567,0.27816,0.88585,0.46154,0.465,0.09792,2.97169,6.60207,1.65414,1.03994,5.48099,0.000289605,0.000289605,0.000289605
16,50.4752,2.89957,5.26315,1.86923,1.06242,4.36807,0.96489,1,0.995,0.25963,0.90015,0.38462,0.385,0.08433,2.97717,6.77385,1.61325,1.01618,5.31114,0.000288862,0.000288862,0.000288862
17,53.0225,2.85895,4.7745,1.91742,0.9327,4.27624,0.99399,1,0.995,0.28606,0.41502,0.23077,0.1175,0.01795,2.88959,6.01138,1.67909,0.95889,5.11174,0.00028812,0.00028812,0.00028812
18,55.5717,2.72111,4.49381,1.92106,0.87971,3.93948,0.99599,1,0.995,0.26733,0.36259,0.46154,0.23714,0.04929,2.89364,5.04349,1.77394,0.98002,4.95114,0.000287377,0.000287377,0.000287377
19,58.0717,2.71782,4.39132,1.88431,0.85214,3.77548,0.97811,0.92308,0.98188,0.25756,0.63651,0.53846,0.469,0.08958,2.97026,4.60704,1.85689,0.98694,4.78033,0.000286635,0.000286635,0.000286635
20,60.6028,2.67931,3.98202,1.88938,0.83767,3.80178,1,0.9975,0.995,0.29968,0.74091,0.69231,0.679,0.10605,2.93382,4.47428,1.82471,0.9005,4.63545,0.000285893,0.000285893,0.000285893
21,63.1496,2.7497,4.61941,1.85249,0.84858,3.84442,0.99167,1,0.995,0.28496,0.78963,0.76923,0.67576,0.11328,2.89079,4.43303,1.79715,0.84178,4.61576,0.00028515,0.00028515,0.00028515
22,65.6365,2.83057,3.74655,1.91995,0.84033,4.11621,0.98914,1,0.995,0.28496,0.75971,0.76923,0.58846,0.08893,2.84361,4.51056,1.78696,0.81712,4.64578,0.000284407,0.000284407,0.000284407
23,68.2372,2.78551,4.20591,1.9313,0.8509,3.91271,0.98359,1,0.995,0.24992,0.62111,0.61538,0.42783,0.06513,2.84225,4.66703,1.82865,0.81871,4.64028,0.000283665,0.000283665,0.000283665
24,70.8273,2.51064,4.01832,1.97137,0.75787,3.97456,0.98569,1,0.995,0.24826,0.45336,0.46154,0.22942,0.03853,2.82198,4.8629,1.78478,0.80317,4.67053,0.000282922,0.000282922,0.000282922
25,73.4233,2.16284,3.75768,1.86381,0.74527,3.5647,1,0.99954,0.995,0.24119,0.37131,0.30769,0.14305,0.02464,2.822,4.89166,1.74987,0.82323,4.63594,0.00028218,0.00028218,0.00028218
26,76.0001,2.42702,3.70062,1.77937,0.79729,3.90837,1,0.99159,0.995,0.24119,0.22056,0.30769,0.08697,0.01885,2.83319,5.10033,1.70107,0.83268,4.57564,0.000281437,0.000281437,0.000281437
27,78.5783,2.49134,3.53462,1.76862,0.79331,3.90968,1,0.91575,0.99,0.24156,0.28102,0.23077,0.07833,0.01472,2.85491,5.17646,1.66826,0.84428,4.55969,0.000280695,0.000280695,0.000280695
28,81.1741,2.15822,3.28421,1.73203,0.74557,3.45651,1,0.91813,0.98567,0.23611,0.3637,0.30769,0.17157,0.02336,2.88935,5.07537,1.65267,0.8428,4.56279,0.000279952,0.000279952,0.000279952
29,83.8039,2.42211,3.28666,1.79638,0.7492,3.72992,0.9285,0.99898,0.99,0.22029,0.46315,0.38462,0.23,0.0522,2.94743,4.77991,1.67183,0.88256,4.50672,0.00027921,0.00027921,0.00027921
30,86.4231,2.32614,3.43602,1.71481,0.75802,3.46946,0.97686,0.76923,0.93556,0.23426,0.68265,0.53846,0.46671,0.09887,3.03494,4.7948,1.697,0.99751,4.39986,0.000278467,0.000278467,0.000278467
31,89.0711,2.46224,3.40138,1.7344,0.77395,3.59878,0.97445,0.76923,0.9134,0.24194,0.97445,0.76923,0.8002,0.19869,3.07833,4.59786,1.71913,1.00788,4.3198,0.000277725,0.000277725,0.000277725
32,91.8392,2.51699,3.13282,1.75371,0.74324,3.67494,0.97252,0.76923,0.765,0.1915,0.8789,0.69231,0.695,0.34389,3.067,4.20565,1.76853,0.92515,4.29003,0.000276982,0.000276982,0.000276982
33,94.4384,2.56882,3.56543,1.80611,0.75647,3.66858,0.91809,0.8632,0.91885,0.21905,0.8743,0.69231,0.679,0.34527,3.05146,4.28956,1.81354,0.87483,4.24519,0.00027624,0.00027624,0.00027624
34,97.0464,2.39617,3.61725,1.81874,0.72816,3.50613,0.96988,0.76923,0.765,0.22733,0.87289,0.69231,0.664,0.3018,3.09149,4.68992,1.82392,0.86477,4.2513,0.000275497,0.000275497,0.000275497
35,99.453,2.43377,3.26913,1.78886,0.71361,3.5082,0.96541,0.76923,0.8069,0.26519,0.86887,0.69231,0.656,0.28421,3.08694,4.94604,1.79256,0.84831,4.23474,0.000274755,0.000274755,0.000274755
36,101.971,2.37239,3.38633,1.71306,0.70768,3.41214,0.95559,0.76923,0.765,0.257,0.86003,0.69231,0.656,0.27247,3.08449,5.0216,1.7318,0.87607,4.24283,0.000274012,0.000274012,0.000274012
37,104.478,2.1775,3.10314,1.63695,0.69966,3.33623,0.95466,0.76923,0.765,0.253,0.85919,0.69231,0.641,0.28298,3.07704,4.89626,1.66949,0.857,4.25171,0.00027327,0.00027327,0.00027327
38,107.01,2.22045,3.10552,1.61473,0.67198,3.36387,0.94935,0.76923,0.805,0.265,0.85235,0.69231,0.649,0.26954,3.02043,4.70063,1.61044,0.84325,4.25222,0.000272527,0.000272527,0.000272527
39,109.522,2.26908,3.28025,1.63052,0.68612,3.32125,0.91889,0.92308,0.925,0.277,0.86055,0.69231,0.649,0.23498,2.98738,4.66144,1.57851,0.81773,4.21965,0.000271785,0.000271785,0.000271785
40,112.062,2.45211,3.24931,1.64047,0.71064,3.51235,0.91906,0.92308,0.925,0.277,0.86121,0.69231,0.649,0.20158,2.96545,4.65346,1.56398,0.80777,4.17543,0.000271042,0.000271042,0.000271042
41,114.612,2.0678,2.98563,1.60692,0.64354,3.27104,0.99301,1,0.995,0.303,0.82879,0.69231,0.699,0.21107,2.88893,4.41176,1.5534,0.79517,4.07779,0.0002703,0.0002703,0.0002703
42,117.168,1.91121,2.94859,1.5415,0.59992,3.07224,0.93327,1,0.995,0.30249,0.84096,0.69231,0.656,0.20198,2.83068,4.44337,1.53024,0.78104,4.02521,0.000269557,0.000269557,0.000269557
43,119.757,2.37856,3.24855,1.5874,0.68308,3.43637,0.99299,1,0.995,0.30808,0.90812,0.76103,0.77963,0.24035,2.78412,4.32605,1.51912,0.76365,3.97255,0.000268815,0.000268815,0.000268815
44,122.302,2.24292,2.9863,1.5558,0.63443,3.33406,0.99317,1,0.995,0.31089,0.88981,0.76923,0.72318,0.31725,2.70589,3.9449,1.53623,0.75268,3.87897,0.000268072,0.000268072,0.000268072
45,125.147,2.33169,2.87594,1.61016,0.65985,3.31055,0.99376,1,0.995,0.31531,0.85251,0.76923,0.71682,0.35403,2.65745,3.57619,1.55017,0.71738,3.84628,0.00026733,0.00026733,0.00026733
46,127.97,2.20886,3.12676,1.6284,0.63738,3.15768,0.99384,1,0.995,0.33675,0.84083,0.84615,0.76997,0.37956,2.67487,3.51101,1.55148,0.7006,3.84267,0.000266587,0.000266587,0.000266587
47,130.829,2.00561,3.16938,1.5835,0.59634,3.12593,0.99399,1,0.995,0.29605,0.76761,0.76923,0.69133,0.33231,2.7553,3.68838,1.55821,0.7367,3.83327,0.000265845,0.000265845,0.000265845
48,133.432,2.38646,2.98664,1.60255,0.68542,3.2156,0.99393,1,0.995,0.27911,0.80097,0.61538,0.62389,0.31453,2.87236,4.1357,1.55112,0.75907,3.87704,0.000265103,0.000265103,0.000265103
49,136.041,2.31745,3.15416,1.55236,0.67405,3.14229,0.99396,1,0.995,0.27967,0.9708,0.76923,0.765,0.3747,2.84061,4.08343,1.54187,0.73521,3.79471,0.00026436,0.00026436,0.00026436
50,138.659,2.30002,2.89207,1.50864,0.67298,3.00676,0.98681,1,0.995,0.30154,0.94303,0.76923,0.765,0.3806,2.75267,3.6533,1.53601,0.74256,3.6565,0.000263617,0.000263617,0.000263617
51,141.267,2.28483,2.72644,1.50829,0.66862,3.03004,0.99377,1,0.995,0.30349,0.93321,0.76923,0.8069,0.39106,2.73112,3.46398,1.53208,0.73544,3.58499,0.000262875,0.000262875,0.000262875
52,143.876,2.13734,2.98253,1.50563,0.66067,2.90406,0.99375,1,0.995,0.33459,0.76818,0.76923,0.82367,0.42194,2.66878,3.30464,1.51577,0.70387,3.56869,0.000262132,0.000262132,0.000262132
53,146.725,1.91141,2.74267,1.46043,0.60804,2.77459,0.93253,1,0.995,0.33861,0.66658,0.69231,0.63716,0.37453,2.642,3.54818,1.50153,0.68481,3.63129,0.00026139,0.00026139,0.00026139
54,149.36,2.13944,2.84561,1.46581,0.62384,2.89151,0.99201,1,0.995,0.31583,0.6886,0.69231,0.60833,0.31083,2.71994,3.82121,1.47033,0.69545,3.70269,0.000260647,0.000260647,0.000260647
55,151.871,2.2946,2.72461,1.48496,0.65355,3.03954,0.99253,1,0.995,0.30787,0.6881,0.69231,0.59067,0.28637,2.72885,3.98382,1.45599,0.70221,3.70026,0.000259905,0.000259905,0.000259905
56,154.274,2.21522,2.87071,1.46937,0.64645,2.99964,0.99304,1,0.995,0.33738,0.68893,0.69231,0.62841,0.31077,2.64982,3.92839,1.46563,0.6901,3.61245,0.000259163,0.000259163,0.000259163
57,156.689,2.34993,2.79675,1.50167,0.65154,2.97873,0.98531,1,0.995,0.36479,0.7158,0.69231,0.641,0.3617,2.53835,3.89516,1.48504,0.68005,3.46778,0.00025842,0.00025842,0.00025842
58,159.183,2.11936,2.75746,1.47692,0.63582,2.83931,0.97611,1,0.995,0.35313,0.82322,0.76923,0.765,0.40135,2.5603,3.89177,1.49114,0.66882,3.43024,0.000257678,0.000257678,0.000257678
59,161.817,2.20512,2.54174,1.46958,0.62971,2.82041,0.97063,1,0.995,0.36118,0.81279,0.76923,0.81364,0.3904,2.53957,3.66687,1.47586,0.66516,3.37482,0.000256935,0.000256935,0.000256935
60,164.445,2.14671,2.47404,1.43386,0.62526,2.79408,0.97997,1,0.995,0.36691,0.74526,0.92308,0.87422,0.43616,2.49423,3.37435,1.4399,0.65438,3.31061,0.000256192,0.000256192,0.000256192
61,167.297,1.99157,2.54348,1.36068,0.61054,2.70862,0.92724,1,0.995,0.40584,0.79866,0.91586,0.87578,0.43505,2.43339,3.24165,1.39895,0.64509,3.26168,0.00025545,0.00025545,0.00025545
62,170.165,1.84864,2.76228,1.31571,0.61966,2.60412,0.99387,1,0.995,0.40864,0.78437,0.83987,0.81422,0.43762,2.43206,3.31583,1.37501,0.64871,3.29759,0.000254707,0.000254707,0.000254707
63,173.02,2.00776,2.48172,1.34325,0.59764,2.7888,0.99312,1,0.995,0.4022,0.78488,0.84225,0.82786,0.43694,2.43329,3.39759,1.37657,0.66289,3.28953,0.000253965,0.000253965,0.000253965
64,175.636,2.07277,2.4034,1.42431,0.61808,2.66263,0.99293,1,0.995,0.40158,0.88815,0.76923,0.82786,0.42485,2.40868,3.43071,1.38797,0.64617,3.22429,0.000253223,0.000253223,0.000253223
65,178.27,1.94065,2.51464,1.40474,0.58781,2.58468,0.97957,1,0.995,0.41071,0.94096,0.76923,0.765,0.35968,2.40964,3.57523,1.39904,0.63585,3.12474,0.00025248,0.00025248,0.00025248
66,180.914,1.84227,2.52993,1.37326,0.59154,2.39714,0.99326,1,0.995,0.40008,0.94054,0.76923,0.765,0.3398,2.40731,3.73458,1.39699,0.62275,3.05973,0.000251737,0.000251737,0.000251737
67,183.542,1.74786,2.45894,1.31172,0.56618,2.41073,0.99255,1,0.995,0.40505,0.93156,0.76923,0.765,0.36253,2.38955,3.76912,1.37583,0.62514,3.01554,0.000250995,0.000250995,0.000250995
68,186.167,1.93142,2.48697,1.30919,0.58612,2.42833,0.99186,1,0.995,0.41725,1,0.82887,0.845,0.39634,2.36088,3.62603,1.35056,0.62636,2.97869,0.000250252,0.000250252,0.000250252
69,188.786,1.88468,2.6447,1.28981,0.58846,2.40703,0.99314,1,0.995,0.414,1,0.83114,0.845,0.44638,2.32311,3.35873,1.33261,0.63317,2.93646,0.00024951,0.00024951,0.00024951
70,191.673,1.84713,2.50199,1.33483,0.59125,2.39185,0.99268,1,0.995,0.41963,0.92275,0.76923,0.83833,0.43202,2.28831,3.24588,1.33174,0.62736,2.93128,0.000248767,0.000248767,0.000248767
71,194.308,1.86188,2.39506,1.32621,0.57952,2.36498,0.99357,1,0.995,0.42521,0.91548,0.76923,0.765,0.39308,2.24133,3.33626,1.33711,0.63099,2.91432,0.000248025,0.000248025,0.000248025
72,197.035,1.83048,2.48332,1.38332,0.59052,2.36793,0.99415,1,0.995,0.44961,0.86811,0.76923,0.765,0.3927,2.17457,3.32729,1.33553,0.61916,2.84929,0.000247282,0.000247282,0.000247282
73,199.626,1.62016,2.53386,1.30603,0.5411,2.2368,0.99421,1,0.995,0.50482,0.90077,0.76923,0.765,0.4026,2.10324,3.2363,1.31714,0.59821,2.77789,0.00024654,0.00024654,0.00024654
74,202.425,1.64581,2.37198,1.24625,0.55167,2.27035,0.99406,1,0.995,0.50975,0.91896,0.92308,0.925,0.44048,2.03425,3.09332,1.28439,0.60379,2.71922,0.000245797,0.000245797,0.000245797
75,205.239,1.60965,2.43942,1.20868,0.54921,2.23824,0.99413,1,0.995,0.51458,0.91934,0.92308,0.925,0.46875,1.99069,3.01145,1.25906,0.6126,2.66945,0.000245055,0.000245055,0.000245055
76,208.072,1.73297,2.54928,1.21443,0.57218,2.22274,0.99414,1,0.995,0.50975,0.91966,0.92308,0.925,0.45545,1.98217,3.01242,1.25125,0.60837,2.64149,0.000244312,0.000244312,0.000244312
77,210.634,1.69475,2.39199,1.22654,0.54759,2.2282,0.99429,1,0.995,0.51233,0.91954,0.92308,0.925,0.43957,2.00562,3.08736,1.25948,0.59807,2.64827,0.00024357,0.00024357,0.00024357
78,213.032,1.59963,2.4427,1.23163,0.54497,2.11187,0.9946,1,0.995,0.5175,0.81408,0.76923,0.765,0.36613,2.02689,3.2243,1.2731,0.59581,2.67088,0.000242827,0.000242827,0.000242827
79,215.459,1.54996,2.43024,1.24041,0.52488,2.12417,1,1,0.995,0.5183,0.8663,0.84615,0.845,0.38393,2.01148,3.21701,1.2674,0.59916,2.65004,0.000242085,0.000242085,0.000242085
80,217.894,1.85332,2.5212,1.26227,0.60536,2.23611,0.99485,1,0.995,0.52244,0.9216,0.92308,0.925,0.41899,1.9542,3.11545,1.24602,0.60025,2.60599,0.000241342,0.000241342,0.000241342
81,220.377,1.58472,2.47089,1.19653,0.57756,2.11368,0.995,1,0.995,0.54276,0.92203,0.92308,0.925,0.44608,1.87465,2.95262,1.21218,0.60688,2.54814,0.0002406,0.0002406,0.0002406
82,223.212,1.54762,2.38628,1.18463,0.57232,2.02262,0.99496,1,0.995,0.59158,0.92219,0.92308,0.925,0.49065,1.7961,2.79938,1.18344,0.60463,2.42299,0.000239857,0.000239857,0.000239857
83,226.042,1.50675,2.34859,1.16516,0.56416,2.0368,1,1,0.995,0.613,0.92308,0.92308,0.925,0.4966,1.74582,2.72153,1.17145,0.57866,2.30877,0.000239115,0.000239115,0.000239115
84,228.875,1.31816,2.32858,1.12975,0.52897,1.90025,1,1,0.995,0.60604,0.9282,0.92308,0.925,0.50708,1.73722,2.69618,1.1775,0.5744,2.2405,0.000238372,0.000238372,0.000238372
85,231.746,1.72771,2.291,1.22723,0.60207,2.0371,1,1,0.995,0.60604,0.92308,0.92308,0.925,0.48309,1.72917,2.7775,1.18929,0.57717,2.19763,0.00023763,0.00023763,0.00023763
86,234.356,1.38038,2.33342,1.19443,0.54267,1.90128,1,1,0.995,0.61183,0.92308,0.92308,0.925,0.45389,1.70806,2.95664,1.19726,0.58306,2.17557,0.000236887,0.000236887,0.000236887
87,236.97,1.30646,2.36977,1.16607,0.52203,1.87268,1,1,0.995,0.61974,0.92308,0.92308,0.925,0.40976,1.66658,2.9741,1.18674,0.5839,2.16585,0.000236145,0.000236145,0.000236145
88,239.589,1.2892,2.32414,1.13682,0.52658,1.87061,0.99477,1,0.995,0.62472,0.92162,0.92308,0.925,0.46041,1.59982,2.86876,1.16137,0.58212,2.15467,0.000235402,0.000235402,0.000235402
89,242.206,1.39689,2.35743,1.12855,0.55309,1.8892,0.99508,1,0.995,0.64275,0.953,0.92308,0.925,0.45771,1.53196,2.81037,1.12942,0.57168,2.1023,0.00023466,0.00023466,0.00023466
90,244.825,1.40281,2.37745,1.10705,0.55598,1.86249,0.99537,1,0.995,0.65683,0.96435,0.92308,0.925,0.44408,1.48201,2.78189,1.11117,0.56281,2.03761,0.000233917,0.000233917,0.000233917
91,247.437,1.40028,2.31929,1.12156,0.55521,1.81056,0.99547,1,0.995,0.65978,0.95177,0.92308,0.925,0.44567,1.46118,2.75649,1.11114,0.54965,1.99798,0.000233175,0.000233175,0.000233175
92,250.05,1.35758,2.28202,1.13463,0.55479,1.7749,1,1,0.995,0.70347,0.92308,0.92308,0.925,0.44896,1.44203,2.77245,1.12037,0.5449,1.95832,0.000232432,0.000232432,0.000232432
93,252.886,1.23801,2.30452,1.10775,0.51873,1.76109,1,1,0.995,0.70554,0.92308,0.92308,0.925,0.46557,1.38841,2.75572,1.11931,0.53973,1.91387,0.00023169,0.00023169,0.00023169
94,255.728,1.26959,2.25509,1.11104,0.54897,1.7674,1,1,0.995,0.7213,0.92308,0.92308,0.925,0.49952,1.29807,2.65751,1.09918,0.54708,1.88803,0.000230947,0.000230947,0.000230947
95,258.546,1.20902,2.20009,1.07151,0.53736,1.75357,0.99558,1,0.995,0.7425,0.93407,0.92308,0.925,0.50992,1.26014,2.62418,1.07332,0.56422,1.89757,0.000230205,0.000230205,0.000230205
96,261.364,1.23915,2.18911,1.05909,0.53207,1.717,0.99564,1,0.995,0.74662,0.96184,0.92308,0.925,0.49783,1.24063,2.60635,1.05816,0.56419,1.87056,0.000229462,0.000229462,0.000229462
97,263.958,1.28919,2.27077,1.07691,0.54546,1.66856,0.99605,1,0.995,0.73617,0.97018,0.92308,0.925,0.504,1.23814,2.5924,1.05525,0.54586,1.83471,0.00022872,0.00022872,0.00022872
98,266.547,1.18801,2.19812,1.04178,0.52715,1.62983,0.99583,1,0.995,0.717,0.92857,1,0.99,0.49401,1.27137,2.64426,1.05503,0.54196,1.80154,0.000227978,0.000227978,0.000227978
99,269.142,1.14988,2.22152,1.03917,0.53249,1.63522,0.99558,1,0.995,0.72123,0.846,0.84615,0.78083,0.45017,1.27406,2.75429,1.04929,0.55031,1.78334,0.000227235,0.000227235,0.000227235
100,271.915,1.13029,2.22558,1.04797,0.53975,1.61675,1,1,0.995,0.71821,0.84615,0.84615,0.78083,0.44906,1.24295,2.81318,1.03716,0.54697,1.77344,0.000226492,0.000226492,0.000226492
101,273.995,1.04317,2.30232,0.99939,0.51854,1.60508,1,1,0.995,0.72542,0.84615,0.84615,0.77458,0.39737,1.19107,2.85441,1.02693,0.54589,1.76261,0.00022575,0.00022575,0.00022575
102,276.42,1.05119,2.19994,1.00127,0.51158,1.55226,1,1,0.995,0.7399,0.92308,0.92308,0.925,0.40664,1.15732,2.8455,1.02029,0.54485,1.75448,0.000225008,0.000225008,0.000225008
103,278.864,1.05241,2.17398,1.00331,0.51743,1.51953,1,1,0.995,0.73874,0.92308,0.92308,0.925,0.44174,1.14821,2.78987,1.01503,0.54798,1.74422,0.000224265,0.000224265,0.000224265
104,281.494,1.04737,2.18517,1.00713,0.52052,1.57019,1,1,0.995,0.74785,0.92308,0.92308,0.925,0.48033,1.13362,2.71223,1.00157,0.53704,1.71001,0.000223522,0.000223522,0.000223522
105,284.119,1.03458,2.1878,0.97998,0.50639,1.50481,0.99551,1,0.995,0.76362,0.92224,0.92308,0.925,0.5213,1.13244,2.63908,0.9882,0.52386,1.63495,0.00022278,0.00022278,0.00022278
106,286.974,0.99924,2.22447,0.95982,0.50598,1.49563,1,1,0.995,0.77497,0.92308,0.92308,0.925,0.49655,1.10648,2.60885,0.97638,0.51409,1.57297,0.000222037,0.000222037,0.000222037
107,289.597,1.07383,2.25083,0.96064,0.52136,1.49408,1,1,0.995,0.80646,0.92308,0.92308,0.925,0.50946,1.04047,2.61076,0.96668,0.50197,1.54611,0.000221295,0.000221295,0.000221295
108,292.48,0.92124,2.17366,0.9366,0.4924,1.54292,0.99566,1,0.995,0.80292,0.91907,0.92308,0.91885,0.48593,0.98612,2.71473,0.96438,0.5011,1.57178,0.000220552,0.000220552,0.000220552
109,295.113,0.98996,2.13326,0.94015,0.50259,1.50247,1,1,0.995,0.8004,0.92308,0.92308,0.90731,0.43891,0.95861,2.86817,0.9641,0.50626,1.57893,0.00021981,0.00021981,0.00021981
110,297.69,1.1423,2.259,0.97817,0.53674,1.42394,1,1,0.995,0.79581,0.84615,0.84615,0.83833,0.43606,0.97195,2.97059,0.96151,0.50517,1.5684,0.000219067,0.000219067,0.000219067
111,300.283,0.99696,2.15527,0.9454,0.49224,1.39594,1,1,0.995,0.77934,0.84615,0.84615,0.845,0.43478,1.03548,3.01212,0.95571,0.51823,1.5603,0.000218325,0.000218325,0.000218325
112,302.89,1.02178,2.23871,0.92348,0.50291,1.28266,1,1,0.995,0.77595,0.92308,0.92308,0.91885,0.44428,1.05158,2.95848,0.93832,0.52518,1.5596,0.000217582,0.000217582,0.000217582
113,305.498,1.02235,2.27428,0.89896,0.50306,1.38232,1,1,0.995,0.7704,0.92308,0.92308,0.91885,0.4394,1.03768,2.8916,0.91979,0.52231,1.56771,0.00021684,0.00021684,0.00021684
114,308.117,0.98684,2.15473,0.90555,0.5102,1.24622,0.99559,1,0.995,0.77209,0.84242,0.84615,0.76315,0.39104,1.01651,2.93789,0.91021,0.5368,1.55887,0.000216097,0.000216097,0.000216097
115,310.744,0.91796,2.14803,0.89547,0.48741,1.29561,0.99555,1,0.995,0.77207,0.84363,0.84615,0.77458,0.38978,1.01157,2.97756,0.90412,0.54389,1.56853,0.000215355,0.000215355,0.000215355
116,313.385,0.86484,2.1356,0.86154,0.48144,1.39434,0.99552,1,0.995,0.77098,0.84443,0.84615,0.77458,0.37934,0.97184,2.93171,0.89205,0.52582,1.49133,0.000214612,0.000214612,0.000214612
117,315.975,0.77615,2.15022,0.83186,0.47637,1.31809,0.99478,1,0.995,0.78112,0.92086,0.92308,0.98567,0.43123,0.93159,2.80846,0.87024,0.50777,1.43091,0.00021387,0.00021387,0.00021387
118,318.584,0.85095,2.15321,0.83567,0.47628,1.2898,0.99536,1,0.995,0.79108,0.92152,0.92308,0.98567,0.46656,0.90867,2.76874,0.8624,0.50455,1.40232,0.000213127,0.000213127,0.000213127
119,321.197,0.99753,2.14952,0.85999,0.49607,1.22669,0.99574,1,0.995,0.7678,0.9282,0.99475,0.99,0.44883,0.93213,2.86055,0.86425,0.50537,1.44905,0.000212385,0.000212385,0.000212385
120,323.812,0.85009,2.14913,0.81329,0.46663,1.31992,0.99582,1,0.995,0.7628,0.94641,0.92308,0.925,0.40595,0.94297,2.99808,0.85627,0.50541,1.51766,0.000211642,0.000211642,0.000211642
121,326.442,0.81342,2.1331,0.79083,0.46467,1.34223,0.99611,1,0.995,0.7929,0.95758,0.92308,0.925,0.44212,0.88307,2.88272,0.83252,0.48073,1.48716,0.0002109,0.0002109,0.0002109
122,329.077,0.99099,2.15567,0.82451,0.48919,1.27843,0.99608,1,0.995,0.79555,0.95067,0.92308,0.925,0.45882,0.83877,2.7655,0.81639,0.46729,1.44141,0.000210157,0.000210157,0.000210157
123,331.683,0.90634,2.16687,0.81532,0.46297,1.21798,0.99603,1,0.995,0.80464,0.85864,0.84615,0.77458,0.42629,0.84333,2.79125,0.81427,0.46413,1.43792,0.000209415,0.000209415,0.000209415
124,334.157,0.86023,2.18637,0.79913,0.4625,1.29203,0.99589,1,0.995,0.78686,0.85314,0.84615,0.78083,0.4267,0.85569,2.85941,0.80506,0.4508,1.46331,0.000208673,0.000208673,0.000208673
125,336.591,0.96938,2.16426,0.80549,0.46328,1.23386,1,1,0.995,0.7989,0.94256,0.92308,0.925,0.42464,0.86529,2.86736,0.78751,0.46003,1.5052,0.00020793,0.00020793,0.00020793
126,339.057,0.8739,2.15796,0.74913,0.43822,1.2452,1,1,0.995,0.80164,0.94707,0.92308,0.925,0.41022,0.87988,2.96378,0.7783,0.47534,1.51247,0.000207187,0.000207187,0.000207187
127,341.691,0.82871,2.19396,0.74361,0.43899,1.21771,0.99563,1,0.995,0.80167,0.97292,0.92308,0.925,0.44062,0.8663,2.93744,0.7688,0.48228,1.48092,0.000206445,0.000206445,0.000206445
128,344.324,0.929,2.13716,0.76926,0.4538,1.18377,0.99576,1,0.995,0.81073,0.91947,0.84615,0.909,0.448,0.85805,2.91683,0.76707,0.47254,1.4477,0.000205702,0.000205702,0.000205702
129,346.986,0.83705,2.15793,0.73532,0.45849,1.21115,0.99583,1,0.995,0.80872,0.91147,0.84615,0.909,0.46358,0.84688,2.85229,0.75782,0.4582,1.42009,0.00020496,0.00020496,0.00020496
130,349.385,0.79233,2.21106,0.70833,0.42041,1.2169,0.99581,1,0.995,0.8053,0.94271,0.92308,0.925,0.45465,0.84069,2.81402,0.7373,0.44968,1.41215,0.000204217,0.000204217,0.000204217
131,352.025,0.76168,2.20537,0.69862,0.44704,1.27786,0.99572,1,0.995,0.79797,0.92254,0.92308,0.925,0.45581,0.83676,2.81782,0.72353,0.45283,1.3966,0.000203475,0.000203475,0.000203475
132,354.626,0.97415,2.16536,0.74179,0.46867,1.13188,0.99545,1,0.995,0.79266,0.92279,0.92308,0.925,0.43072,0.87332,2.87782,0.72103,0.45467,1.39465,0.000202732,0.000202732,0.000202732
133,357.217,0.76113,2.16347,0.67585,0.42441,1.2164,0.99557,1,0.995,0.78562,0.93606,0.92308,0.925,0.45156,0.88425,2.90835,0.71832,0.45841,1.37345,0.00020199,0.00020199,0.00020199
134,359.83,0.85279,2.14294,0.70228,0.44594,1.16097,0.99572,1,0.995,0.81152,0.94684,0.92308,0.925,0.48888,0.83197,2.77689,0.70395,0.45521,1.30976,0.000201247,0.000201247,0.000201247
135,362.435,0.85327,2.17323,0.68086,0.45722,1.18328,0.9957,1,0.995,0.82625,0.93081,0.92308,0.925,0.51884,0.79431,2.6665,0.68354,0.4586,1.26678,0.000200505,0.000200505,0.000200505
136,365.258,0.76107,2.16068,0.63084,0.42082,1.14485,0.9957,1,0.995,0.8255,0.92267,0.92308,0.925,0.53508,0.79117,2.62336,0.66765,0.45297,1.26387,0.000199762,0.000199762,0.000199762
137,368.097,0.77279,2.17157,0.63962,0.4268,1.08498,0.99576,1,0.995,0.81633,0.92888,0.92308,0.925,0.51658,0.83115,2.67321,0.6614,0.44881,1.30356,0.00019902,0.00019902,0.00019902
138,370.711,0.92685,2.1612,0.64959,0.4445,1.20061,0.99592,1,0.995,0.78553,0.92304,0.92308,0.925,0.46971,0.86209,2.8008,0.65672,0.452,1.34493,0.000198277,0.000198277,0.000198277
139,373.321,0.83203,2.17879,0.62839,0.43508,1.06839,0.99575,1,0.995,0.81292,0.92195,0.92308,0.925,0.44621,0.83892,2.88346,0.64694,0.45621,1.37356,0.000197535,0.000197535,0.000197535
140,375.926,0.87158,2.1348,0.63887,0.4604,1.13508,0.99599,1,0.995,0.80393,0.92273,0.92308,0.925,0.39473,0.84227,2.97765,0.63512,0.46881,1.46867,0.000196793,0.000196793,0.000196793
141,378.528,0.94091,2.14572,0.61637,0.45347,1.11375,0.99605,1,0.995,0.80652,0.84667,0.84615,0.83833,0.39291,0.84052,3.04653,0.62723,0.46148,1.49109,0.00019605,0.00019605,0.00019605
142,381.15,0.80618,2.12372,0.61196,0.43724,1.04614,0.99516,1,0.995,0.8169,0.76893,0.76923,0.81003,0.41793,0.87929,3.1009,0.62377,0.45292,1.52806,0.000195307,0.000195307,0.000195307
143,383.789,0.98088,2.1447,0.61575,0.46002,1.05387,0.9955,1,0.995,0.81209,0.76909,0.76923,0.75136,0.4115,0.91821,3.10092,0.61458,0.46151,1.56514,0.000194565,0.000194565,0.000194565
144,386.413,0.87244,2.13618,0.58481,0.43982,1.18896,0.99547,1,0.995,0.80199,0.77462,0.76923,0.81003,0.45114,0.92611,3.07238,0.60032,0.46107,1.60032,0.000193822,0.000193822,0.000193822
145,389.029,0.75136,2.13634,0.55526,0.41184,1.12478,0.99576,1,0.995,0.81551,0.78571,0.84615,0.81422,0.44809,0.8909,3.01085,0.58831,0.45516,1.58427,0.00019308,0.00019308,0.00019308
146,391.648,0.85658,2.18542,0.56732,0.43006,1.11023,0.99568,1,0.995,0.79399,0.78472,0.84152,0.81422,0.46597,0.87608,2.98066,0.58348,0.45467,1.54123,0.000192337,0.000192337,0.000192337
147,394.081,0.8831,2.14211,0.57492,0.43026,1.05615,0.99554,1,0.995,0.80377,0.7685,0.76923,0.74533,0.41957,0.87625,3.02867,0.58213,0.45061,1.46969,0.000191595,0.000191595,0.000191595
148,396.535,0.89955,2.18409,0.55204,0.43497,1.07933,0.99576,1,0.995,0.79745,0.7679,0.76923,0.74,0.38189,0.9139,3.19193,0.57252,0.45644,1.48702,0.000190852,0.000190852,0.000190852
149,398.977,0.79145,2.16872,0.54273,0.42116,1.08652,0.99578,1,0.995,0.77249,0.76842,0.76923,0.73111,0.36582,0.9283,3.27506,0.55687,0.45861,1.5168,0.00019011,0.00019011,0.00019011
150,401.612,0.76292,2.20038,0.53095,0.41413,1.03592,0.99592,1,0.995,0.78301,0.77481,0.76923,0.73733,0.40435,0.93482,3.265,0.54288,0.45685,1.57346,0.000189367,0.000189367,0.000189367
151,404.263,0.83126,2.16872,0.52564,0.42972,0.9967,0.99602,1,0.995,0.79631,0.80382,0.76923,0.75864,0.44064,0.90739,3.06688,0.53159,0.46024,1.54167,0.000188625,0.000188625,0.000188625
152,406.928,0.90177,2.20017,0.52336,0.42953,1.01023,0.99574,1,0.995,0.82328,0.86337,0.84615,0.90147,0.48284,0.87951,2.88209,0.52964,0.45338,1.43816,0.000187882,0.000187882,0.000187882
153,409.584,0.85726,2.22447,0.53487,0.4329,1.05477,0.995,1,0.995,0.83262,0.92832,0.99649,0.99,0.51141,0.85739,2.85232,0.52714,0.43458,1.32543,0.00018714,0.00018714,0.00018714
154,412.226,0.85844,2.16321,0.51254,0.42792,1.03639,0.99584,1,0.995,0.8515,0.92112,0.92308,0.98567,0.5016,0.84057,2.83335,0.5188,0.43414,1.29689,0.000186397,0.000186397,0.000186397
155,414.86,0.91609,2.15235,0.50269,0.42944,1.0282,0.99586,1,0.995,0.85103,0.92824,0.99543,0.99,0.50455,0.8225,2.85393,0.50864,0.43608,1.32028,0.000185655,0.000185655,0.000185655
156,417.491,0.81776,2.10864,0.47827,0.43573,1.07909,0.99566,1,0.995,0.80679,0.78479,0.84184,0.81619,0.42479,0.85789,3.02885,0.50316,0.4575,1.44928,0.000184912,0.000184912,0.000184912
157,420.128,0.91664,2.12741,0.47476,0.42738,1.01008,0.9961,1,0.995,0.79954,0.80908,0.76923,0.75333,0.41801,0.91564,3.20137,0.50411,0.4643,1.53694,0.00018417,0.00018417,0.00018417
158,422.82,0.80879,2.10118,0.47571,0.41487,1.06719,0.99615,1,0.995,0.77726,0.80444,0.76923,0.75864,0.42262,0.95423,3.21162,0.50068,0.46452,1.54432,0.000183427,0.000183427,0.000183427
159,424.969,0.73897,2.10975,0.47527,0.40313,1.09562,0.996,1,0.995,0.76383,0.78472,0.84154,0.82786,0.43841,0.9562,3.17141,0.49055,0.46418,1.52256,0.000182685,0.000182685,0.000182685
160,427.708,0.96829,2.14647,0.4604,0.44201,1.01649,0.99594,1,0.995,0.7911,0.79921,0.76923,0.765,0.43375,0.90471,3.11886,0.47827,0.4533,1.47375,0.000181942,0.000181942,0.000181942
161,430.433,0.74578,2.13767,0.45349,0.39226,1.12329,0.99575,1,0.995,0.79699,0.86563,0.76923,0.765,0.42114,0.90617,3.19001,0.46913,0.45345,1.54759,0.0001812,0.0001812,0.0001812
162,433.17,0.82712,2.12898,0.45633,0.40993,1.01766,0.99584,1,0.995,0.79839,0.91939,0.76923,0.765,0.40686,0.93826,3.37707,0.46628,0.45941,1.65129,0.000180457,0.000180457,0.000180457
163,435.928,0.88035,2.16734,0.46029,0.42981,0.97842,0.99578,1,0.995,0.75739,0.95598,0.76923,0.765,0.37221,0.99563,3.6257,0.46536,0.46844,1.74384,0.000179715,0.000179715,0.000179715
164,438.658,0.79181,2.17323,0.43641,0.4001,1.02945,0.99568,1,0.995,0.74976,0.95657,0.76923,0.765,0.3605,1.01559,3.62669,0.45766,0.46863,1.76691,0.000178973,0.000178973,0.000178973
165,441.4,0.72746,2.1509,0.4194,0.38956,1.02872,0.99553,1,0.995,0.76861,0.94785,0.76923,0.765,0.39831,0.99141,3.49244,0.44491,0.46097,1.72656,0.00017823,0.00017823,0.00017823
166,444.167,0.81586,2.14401,0.41315,0.41816,0.98693,1,1,0.995,0.78315,0.93495,0.76923,0.765,0.42891,0.94658,3.3251,0.43346,0.45545,1.65073,0.000177487,0.000177487,0.000177487
167,446.901,0.80702,2.11233,0.4046,0.41145,1.0181,0.99542,1,0.995,0.78999,0.93647,0.76923,0.765,0.44332,0.94091,3.3804,0.4289,0.45925,1.64789,0.000176745,0.000176745,0.000176745
168,449.654,0.74979,2.13688,0.41211,0.39647,1.03098,0.99554,1,0.995,0.79122,0.948,0.76923,0.765,0.40166,0.95595,3.53388,0.4268,0.47049,1.69917,0.000176003,0.000176003,0.000176003
169,452.404,0.83758,2.13967,0.40305,0.42089,0.96051,0.9956,1,0.995,0.78774,0.94989,0.76923,0.765,0.41257,0.97687,3.57516,0.42043,0.48298,1.74083,0.00017526,0.00017526,0.00017526
170,455.15,0.81025,2.14293,0.40534,0.4009,0.98253,0.99558,1,0.995,0.77658,0.95367,0.76923,0.765,0.43385,0.97126,3.44162,0.40765,0.48156,1.74889,0.000174517,0.000174517,0.000174517
171,457.907,0.64557,2.13724,0.37563,0.37145,1.04547,1,1,0.995,0.78888,0.93944,0.76923,0.765,0.43377,0.97109,3.28085,0.39946,0.47576,1.7314,0.000173775,0.000173775,0.000173775
172,460.651,0.89115,2.14017,0.39158,0.42524,0.88046,0.9956,1,0.995,0.77761,0.91715,0.76923,0.82367,0.43158,0.97909,3.26057,0.39728,0.47183,1.70025,0.000173033,0.000173033,0.000173033
173,463.397,0.72199,2.18438,0.38206,0.39637,1.02636,0.99575,1,0.995,0.73101,0.92338,0.76923,0.82367,0.37573,1.02356,3.42151,0.39782,0.47578,1.72133,0.00017229,0.00017229,0.00017229
174,466.14,0.65445,2.16389,0.37122,0.37072,1.05662,0.99587,1,0.995,0.72577,0.86813,0.76923,0.82367,0.37103,1.01452,3.49221,0.39257,0.47045,1.71431,0.000171547,0.000171547,0.000171547
175,468.911,0.89797,2.10613,0.37694,0.41736,0.94431,0.99571,1,0.995,0.76364,0.87863,0.76923,0.765,0.37385,0.95376,3.45618,0.38186,0.45384,1.66906,0.000170805,0.000170805,0.000170805
176,471.658,0.78164,2.15465,0.37891,0.38287,0.99093,1,1,0.995,0.78537,0.9063,0.76923,0.765,0.36755,0.94371,3.48749,0.37435,0.45418,1.67916,0.000170062,0.000170062,0.000170062
177,474.426,0.77617,2.09532,0.37275,0.39117,0.97761,0.99569,1,0.995,0.76767,0.91918,0.76923,0.765,0.35344,0.97508,3.56668,0.37076,0.45802,1.725,0.00016932,0.00016932,0.00016932
178,477.196,0.77058,2.07271,0.35032,0.39742,0.91832,0.99578,1,0.995,0.75565,0.9199,0.76923,0.765,0.3492,0.99649,3.57626,0.37127,0.46175,1.72392,0.000168577,0.000168577,0.000168577
179,479.949,0.76364,2.06509,0.35092,0.37724,0.96304,0.99564,1,0.995,0.77215,0.91548,0.76923,0.765,0.38565,0.96369,3.4582,0.36916,0.45607,1.64876,0.000167835,0.000167835,0.000167835
180,482.717,0.79052,2.09448,0.34032,0.37822,0.96001,1,1,0.995,0.79825,0.89283,0.76923,0.765,0.4041,0.91956,3.39647,0.36359,0.45452,1.59277,0.000167092,0.000167092,0.000167092
181,485.473,0.88192,2.12163,0.35232,0.39199,0.87855,0.99586,1,0.995,0.78755,0.8525,0.76923,0.765,0.36785,0.9475,3.52263,0.35737,0.45646,1.65805,0.00016635,0.00016635,0.00016635
182,488.257,0.87144,2.08096,0.35786,0.39475,0.9349,0.99604,1,0.995,0.77375,0.83282,0.76923,0.765,0.35205,1.00435,3.6757,0.35303,0.45623,1.74499,0.000165607,0.000165607,0.000165607
183,491.023,0.71712,2.07208,0.32803,0.38078,0.96988,0.996,1,0.995,0.77413,0.84319,0.76923,0.765,0.35473,1.01749,3.64856,0.34759,0.45456,1.77736,0.000164865,0.000164865,0.000164865
184,493.799,0.6712,2.10541,0.32086,0.36733,0.93324,0.99604,1,0.995,0.7864,0.83032,0.76923,0.765,0.39735,0.98275,3.46189,0.33981,0.44996,1.73754,0.000164122,0.000164122,0.000164122
185,496.393,0.62997,2.06381,0.3061,0.34962,0.98755,0.99619,1,0.995,0.79411,0.81864,0.76923,0.765,0.4085,0.95246,3.3566,0.33401,0.44042,1.69028,0.00016338,0.00016338,0.00016338
186,499.032,0.77455,2.07774,0.31911,0.38987,0.91344,0.99607,1,0.995,0.78738,0.81828,0.76923,0.765,0.4085,0.947,3.3691,0.32772,0.43198,1.70917,0.000162637,0.000162637,0.000162637
187,501.64,0.77167,2.09238,0.30617,0.37817,0.92152,0.99563,1,0.995,0.77092,0.86765,0.76923,0.765,0.4091,0.9663,3.45671,0.32196,0.43026,1.77859,0.000161895,0.000161895,0.000161895
188,504.224,0.73661,2.11722,0.30285,0.3699,0.93742,1,1,0.995,0.78863,0.89401,0.76923,0.765,0.4324,0.95167,3.47948,0.3131,0.43863,1.82907,0.000161152,0.000161152,0.000161152
189,506.799,0.83539,2.1298,0.29115,0.38473,0.86997,1,1,0.995,0.78202,0.87926,0.76923,0.765,0.4356,0.9625,3.5393,0.30897,0.44227,1.83423,0.00016041,0.00016041,0.00016041
190,509.42,0.73545,2.11779,0.28585,0.35942,0.84702,1,1,0.995,0.77153,0.91114,0.76923,0.765,0.4104,0.98097,3.61129,0.3081,0.4386,1.80434,0.000159668,0.000159668,0.000159668
191,512.09,0.6569,2.13443,0.29353,0.34653,0.94661,0.99549,1,0.995,0.77515,0.89709,0.76923,0.765,0.373,0.9758,3.6051,0.30716,0.43092,1.71942,0.000158925,0.000158925,0.000158925
192,514.723,0.77489,2.12123,0.28705,0.35572,0.91188,0.99576,1,0.995,0.77718,0.85,0.76923,0.82367,0.39792,0.92519,3.4475,0.30369,0.42481,1.59948,0.000158182,0.000158182,0.000158182
193,517.37,0.75563,2.07693,0.28385,0.37192,0.92172,1,1,0.995,0.79113,0.82824,0.76923,0.765,0.44065,0.87485,3.31491,0.29746,0.42841,1.52936,0.00015744,0.00015744,0.00015744
194,520.01,0.90079,2.13927,0.28441,0.39654,0.88196,0.9959,1,0.995,0.79548,0.78571,0.84615,0.82786,0.44694,0.88742,3.31828,0.2951,0.42594,1.51718,0.000156698,0.000156698,0.000156698
195,522.644,0.75502,2.07704,0.26485,0.37481,0.91468,0.996,1,0.995,0.76847,0.8599,0.76923,0.82,0.427,0.94885,3.41254,0.29309,0.42525,1.56922,0.000155955,0.000155955,0.000155955
196,525.269,0.87125,2.09273,0.26767,0.37657,0.82465,0.996,1,0.995,0.7493,0.87,0.76923,0.82,0.36975,1.00646,3.57918,0.28906,0.43098,1.65403,0.000155212,0.000155212,0.000155212
197,527.9,0.63766,2.1063,0.27112,0.34527,0.91284,0.99597,1,0.995,0.7654,0.88366,0.76923,0.765,0.3768,0.98829,3.6728,0.2844,0.43506,1.67793,0.00015447,0.00015447,0.00015447
198,530.568,0.65888,2.12465,0.27131,0.34282,0.88214,0.99604,1,0.995,0.7839,0.91716,0.76923,0.765,0.4125,0.89866,3.51716,0.2761,0.42378,1.6034,0.000153727,0.000153727,0.000153727
199,533.211,0.74917,2.10994,0.26052,0.35955,0.90047,1,1,0.995,0.79825,0.92999,0.76923,0.765,0.43385,0.86918,3.48472,0.2741,0.42204,1.55087,0.000152985,0.000152985,0.000152985
200,535.862,0.70597,2.08742,0.26105,0.35719,0.89114,1,1,0.995,0.79825,0.93477,0.76923,0.765,0.4065,0.89398,3.54647,0.27227,0.42563,1.57503,0.000152242,0.000152242,0.000152242
201,538.477,0.73339,2.1408,0.25315,0.35252,0.88587,0.99578,1,0.995,0.7757,0.92221,0.76923,0.765,0.3768,0.97192,3.65281,0.26842,0.43134,1.66906,0.0001515,0.0001515,0.0001515
202,541.096,0.65679,2.10102,0.24085,0.35132,0.97151,0.99588,1,0.995,0.74435,0.91806,0.76923,0.765,0.3768,1.0146,3.60588,0.25882,0.42895,1.75339,0.000150757,0.000150757,0.000150757
203,543.703,0.66812,2.0767,0.23243,0.35518,0.94157,0.99587,1,0.995,0.76093,0.92088,0.76923,0.765,0.4316,0.98226,3.42664,0.25018,0.42448,1.74995,0.000150015,0.000150015,0.000150015
204,546.335,0.71782,2.15036,0.23799,0.36438,0.93127,1,1,0.995,0.78015,0.92837,0.76923,0.765,0.46375,0.92062,3.35606,0.24425,0.41697,1.68712,0.000149272,0.000149272,0.000149272
205,548.977,0.79439,2.10905,0.22947,0.37519,0.87876,1,1,0.995,0.79152,0.93587,0.76923,0.765,0.46375,0.88706,3.36553,0.24129,0.41195,1.67027,0.00014853,0.00014853,0.00014853
206,551.583,0.63158,2.11758,0.23224,0.33257,0.94357,1,1,0.995,0.79152,0.9352,0.76923,0.765,0.4425,0.89772,3.47185,0.24168,0.41634,1.68775,0.000147788,0.000147788,0.000147788
207,554.226,0.6612,2.13803,0.22714,0.33895,0.91599,1,1,0.995,0.78155,0.93305,0.76923,0.765,0.41685,0.9174,3.54509,0.23986,0.41462,1.69896,0.000147045,0.000147045,0.000147045
208,556.871,0.62558,2.06805,0.22227,0.33016,0.90632,1,1,0.995,0.78155,0.93285,0.76923,0.765,0.41685,0.92298,3.51411,0.23479,0.41605,1.70562,0.000146302,0.000146302,0.000146302
209,559.503,0.75103,2.15331,0.22749,0.34579,0.88667,1,1,0.995,0.78155,0.93733,0.76923,0.765,0.45066,0.90888,3.40217,0.22999,0.41367,1.67974,0.00014556,0.00014556,0.00014556
210,562.123,0.69624,2.12535,0.22474,0.3391,0.8997,1,1,0.995,0.78155,0.93092,0.76923,0.765,0.43826,0.88873,3.36847,0.22749,0.41621,1.6588,0.000144818,0.000144818,0.000144818
211,564.749,0.72848,2.08805,0.21367,0.34644,0.85427,1,1,0.995,0.78205,0.92146,0.76923,0.765,0.42865,0.90524,3.4209,0.22606,0.42704,1.67177,0.000144075,0.000144075,0.000144075
212,567.387,0.6975,2.08864,0.22764,0.34293,0.93179,1,1,0.995,0.77136,0.92928,0.76923,0.765,0.402,0.95308,3.5791,0.22654,0.43415,1.7194,0.000143333,0.000143333,0.000143333
213,570.008,0.68804,2.08958,0.2211,0.34288,0.91255,1,1,0.995,0.76657,0.93742,0.76923,0.765,0.3736,0.9531,3.69273,0.22453,0.43373,1.73525,0.00014259,0.00014259,0.00014259
214,572.461,0.6853,2.05986,0.21513,0.32706,0.89609,1,1,0.995,0.79245,0.94163,0.76923,0.765,0.3878,0.91876,3.63043,0.21895,0.42855,1.68106,0.000141847,0.000141847,0.000141847
215,575.175,0.79552,2.06438,0.20226,0.3508,0.83478,1,1,0.995,0.79245,0.94144,0.76923,0.765,0.416,0.88683,3.51889,0.21379,0.42553,1.63515,0.000141105,0.000141105,0.000141105
216,577.909,0.63387,2.10879,0.2019,0.33179,0.87957,1,1,0.995,0.78452,0.93277,0.76923,0.765,0.43185,0.90203,3.48626,0.20941,0.42716,1.67379,0.000140363,0.000140363,0.000140363
217,580.68,0.70233,2.09043,0.20815,0.33627,0.90401,1,1,0.995,0.76212,0.9277,0.76923,0.765,0.41685,0.96415,3.55151,0.20692,0.43758,1.77397,0.00013962,0.00013962,0.00013962
218,583.416,0.77705,2.06412,0.1966,0.3461,0.86871,1,1,0.995,0.7413,0.92926,0.76923,0.765,0.37685,1.02673,3.68382,0.20605,0.44247,1.87136,0.000138877,0.000138877,0.000138877
219,586.156,0.731,2.08725,0.203,0.34274,0.90538,1,1,0.995,0.74743,0.9234,0.76923,0.765,0.37685,1.01703,3.67057,0.20529,0.43595,1.85425,0.000138135,0.000138135,0.000138135
220,588.904,0.82437,2.06504,0.20608,0.35678,0.81194,1,1,0.995,0.77455,0.89942,0.76923,0.765,0.40445,0.9363,3.50587,0.20282,0.42905,1.74466,0.000137392,0.000137392,0.000137392
221,591.649,0.75408,2.04935,0.19665,0.35581,0.81731,1,1,0.995,0.82337,0.8823,0.76923,0.765,0.43826,0.83464,3.34697,0.2011,0.41636,1.60234,0.00013665,0.00013665,0.00013665
222,594.4,0.76157,2.08919,0.19857,0.3609,0.89633,1,1,0.995,0.8356,0.83642,0.76923,0.765,0.43826,0.80317,3.29556,0.19965,0.41245,1.53955,0.000135907,0.000135907,0.000135907
223,597.126,0.75192,2.08283,0.18916,0.34235,0.94963,1,1,0.995,0.8384,0.83302,0.76923,0.765,0.44461,0.81176,3.31642,0.19967,0.40767,1.54037,0.000135165,0.000135165,0.000135165
224,599.862,0.64261,2.07716,0.19421,0.31533,0.88731,1,1,0.995,0.8119,0.92785,0.76923,0.765,0.4214,0.86924,3.47161,0.20096,0.40659,1.60001,0.000134422,0.000134422,0.000134422
225,602.599,0.54952,2.11808,0.19891,0.30539,0.92476,0.99579,1,0.995,0.77617,0.94646,0.76923,0.765,0.3908,0.91688,3.60447,0.19968,0.409,1.66101,0.00013368,0.00013368,0.00013368
226,605.353,0.73191,2.08498,0.20008,0.34073,0.82915,0.99497,1,0.995,0.76917,0.94327,0.76923,0.765,0.3908,0.94,3.6324,0.19713,0.41452,1.69537,0.000132937,0.000132937,0.000132937
227,608.052,0.67004,2.06949,0.18606,0.32643,0.86643,1,1,0.995,0.7716,0.94206,0.76923,0.765,0.41737,0.91781,3.51373,0.19208,0.4198,1.68374,0.000132195,0.000132195,0.000132195
228,610.771,0.71151,2.06358,0.18166,0.34665,0.81243,1,1,0.995,0.79581,0.94179,0.76923,0.765,0.4538,0.86416,3.40192,0.18897,0.41992,1.6241,0.000131452,0.000131452,0.000131452
229,613.502,0.53188,2.09182,0.18697,0.30915,0.94055,0.99573,1,0.995,0.8154,0.94563,0.76923,0.765,0.45864,0.83627,3.34837,0.18753,0.41679,1.55991,0.00013071,0.00013071,0.00013071
230,616.212,0.59363,2.05055,0.17552,0.31163,0.86775,1,1,0.995,0.8049,0.95108,0.76923,0.765,0.4356,0.84495,3.36336,0.18632,0.41603,1.54423,0.000129967,0.000129967,0.000129967
231,618.547,0.54989,2.07324,0.18,0.31039,0.90409,0.9954,1,0.995,0.79982,0.93949,0.76923,0.765,0.42865,0.85846,3.38093,0.18582,0.41552,1.53525,0.000129225,0.000129225,0.000129225
232,621.134,0.65924,2.08631,0.1856,0.31703,0.86901,0.99519,1,0.995,0.79905,0.93435,0.76923,0.765,0.42865,0.85249,3.35679,0.18439,0.41376,1.53063,0.000128483,0.000128483,0.000128483
233,623.715,0.64491,2.04082,0.17199,0.33,0.89115,1,1,0.995,0.79982,0.93402,0.76923,0.765,0.4373,0.83402,3.29736,0.18146,0.41712,1.53295,0.00012774,0.00012774,0.00012774
234,626.298,0.57175,2.12516,0.17665,0.30949,0.88426,1,1,0.995,0.79035,0.93343,0.76923,0.765,0.4497,0.85114,3.2717,0.17831,0.41441,1.55306,0.000126997,0.000126997,0.000126997
235,628.904,0.71109,2.06295,0.16491,0.34098,0.82838,0.99577,1,0.995,0.77706,0.91944,0.76923,0.765,0.42865,0.90145,3.32384,0.17853,0.42032,1.60062,0.000126255,0.000126255,0.000126255
236,631.513,0.73999,2.11244,0.1699,0.34147,0.83105,0.99588,1,0.995,0.77331,0.9142,0.76923,0.765,0.40517,0.95416,3.44866,0.17884,0.43209,1.65003,0.000125512,0.000125512,0.000125512
237,634.124,0.67369,2.05783,0.1794,0.31213,0.8488,0.99582,1,0.995,0.7731,0.92811,0.76923,0.765,0.38853,0.96116,3.54288,0.18044,0.43137,1.65103,0.00012477,0.00012477,0.00012477
238,636.711,0.63934,2.06349,0.18279,0.31841,0.86836,0.99559,1,0.995,0.77685,0.94298,0.76923,0.765,0.41111,0.91303,3.51295,0.17962,0.41996,1.60146,0.000124027,0.000124027,0.000124027
239,639.318,0.73883,2.08287,0.16216,0.33783,0.81101,0.99533,1,0.995,0.78925,0.94501,0.76923,0.765,0.4192,0.86999,3.44406,0.17696,0.41593,1.56252,0.000123285,0.000123285,0.000123285
240,641.924,0.69022,2.08493,0.16892,0.33643,0.85298,0.99542,1,0.995,0.78885,0.94731,0.76923,0.765,0.41685,0.8584,3.3964,0.17494,0.41568,1.54558,0.000122542,0.000122542,0.000122542
241,644.535,0.54687,2.06067,0.175,0.30217,0.90828,0.99537,1,0.995,0.7957,0.95066,0.76923,0.765,0.4454,0.87212,3.40726,0.17308,0.41431,1.56419,0.0001218,0.0001218,0.0001218
242,647.128,0.75109,2.10593,0.18201,0.33455,0.84895,0.99506,1,0.995,0.793,0.9437,0.76923,0.765,0.4285,0.88399,3.4302,0.17061,0.41731,1.59383,0.000121057,0.000121057,0.000121057
243,649.744,0.68635,2.03967,0.16237,0.31573,0.79376,0.9949,1,0.995,0.7926,0.94309,0.76923,0.765,0.4285,0.89048,3.43568,0.16975,0.41816,1.59355,0.000120315,0.000120315,0.000120315
244,652.367,0.64431,2.0367,0.16105,0.31252,0.82915,0.99459,1,0.995,0.79105,0.93732,0.76923,0.765,0.4373,0.85858,3.35999,0.16906,0.41475,1.5195,0.000119572,0.000119572,0.000119572
245,654.975,0.71018,2.06066,0.16324,0.33861,0.82814,0.99497,1,0.995,0.81085,0.94574,0.76923,0.765,0.4373,0.84863,3.30979,0.16743,0.41204,1.47439,0.00011883,0.00011883,0.00011883
246,657.615,0.59077,2.06886,0.17436,0.30696,0.87785,0.99543,1,0.995,0.79905,0.94592,0.76923,0.82367,0.44903,0.86263,3.29508,0.16634,0.40891,1.4683,0.000118087,0.000118087,0.000118087
247,660.227,0.74981,2.00741,0.15102,0.31706,0.79388,0.99526,1,0.995,0.7852,0.93972,0.76923,0.765,0.41225,0.87982,3.36962,0.16678,0.41053,1.48845,0.000117345,0.000117345,0.000117345
248,662.842,0.58507,2.03681,0.15245,0.29755,0.84593,0.99469,1,0.995,0.7852,0.92871,0.76923,0.765,0.41225,0.86687,3.37846,0.16626,0.41565,1.49195,0.000116602,0.000116602,0.000116602
249,665.483,0.55781,2.04969,0.15411,0.29953,0.81679,0.99572,1,0.995,0.79115,0.92091,0.76923,0.765,0.42865,0.84054,3.32118,0.16279,0.4124,1.47628,0.00011586,0.00011586,0.00011586
250,668.097,0.65404,2.06472,0.16343,0.30831,0.81125,1,1,0.995,0.8028,0.91847,0.76923,0.765,0.4491,0.82129,3.23307,0.16046,0.41368,1.44616,0.000115117,0.000115117,0.000115117
251,670.722,0.72959,2.08203,0.15896,0.3193,0.83467,0.99577,1,0.995,0.8044,0.88838,0.76923,0.82786,0.46579,0.8255,3.16462,0.15906,0.41814,1.42858,0.000114375,0.000114375,0.000114375
252,673.331,0.59836,2.05648,0.14923,0.29684,0.8582,0.99565,1,0.995,0.8044,0.86931,0.76923,0.765,0.4425,0.85891,3.21522,0.15824,0.42344,1.44629,0.000113633,0.000113633,0.000113633
253,675.948,0.77667,2.05431,0.15048,0.33361,0.79128,0.99561,1,0.995,0.8154,0.88983,0.76923,0.765,0.44328,0.87182,3.25515,0.15745,0.41926,1.46464,0.00011289,0.00011289,0.00011289
254,678.561,0.69368,2.0492,0.1598,0.31396,0.80443,0.99503,1,0.995,0.8074,0.92554,0.76923,0.765,0.4551,0.85059,3.26949,0.15453,0.40773,1.47099,0.000112148,0.000112148,0.000112148
255,681.174,0.6961,2.05529,0.13841,0.32246,0.80783,1,1,0.995,0.8146,0.92019,0.76923,0.765,0.4601,0.8246,3.28317,0.15038,0.40856,1.49743,0.000111405,0.000111405,0.000111405
256,683.791,0.71238,2.05537,0.13587,0.32749,0.79254,1,1,0.995,0.79982,0.87805,0.76923,0.765,0.4373,0.8241,3.33772,0.14671,0.40821,1.55419,0.000110663,0.000110663,0.000110663
257,686.405,0.69,2.04042,0.14714,0.30574,0.79301,1,1,0.995,0.79982,0.84438,0.76923,0.765,0.42865,0.8559,3.43534,0.14321,0.40544,1.64965,0.00010992,0.00010992,0.00010992
258,688.953,0.5729,2.0313,0.14115,0.2886,0.86265,1,1,0.995,0.78885,0.8386,0.76923,0.765,0.42865,0.89746,3.50694,0.14151,0.40639,1.7167,0.000109178,0.000109178,0.000109178
259,691.656,0.63596,2.02485,0.13551,0.30511,0.80874,1,1,0.995,0.78925,0.83829,0.76923,0.765,0.42865,0.9094,3.52431,0.14095,0.4023,1.73264,0.000108435,0.000108435,0.000108435
260,694.354,0.77223,2.04613,0.14154,0.3182,0.76595,1,1,0.995,0.795,0.86109,0.76923,0.765,0.4472,0.87706,3.4911,0.13904,0.39815,1.69631,0.000107693,0.000107693,0.000107693
261,697.045,0.56014,2.02534,0.13826,0.30662,0.88659,1,1,0.995,0.8224,0.88403,0.76923,0.765,0.4551,0.8226,3.42461,0.13975,0.39891,1.61041,0.00010695,0.00010695,0.00010695
262,699.742,0.84324,2.07419,0.13179,0.34147,0.7767,1,1,0.995,0.8114,0.90191,0.76923,0.765,0.4588,0.81414,3.42768,0.13962,0.40028,1.57705,0.000106208,0.000106208,0.000106208
263,702.421,0.66614,2.05739,0.13307,0.30791,0.78787,1,1,0.995,0.8114,0.92225,0.76923,0.765,0.4346,0.83528,3.48039,0.13979,0.40226,1.58699,0.000105465,0.000105465,0.000105465
264,705.121,0.73655,2.02098,0.12822,0.32476,0.73201,1,1,0.995,0.79521,0.93238,0.76923,0.765,0.4425,0.89476,3.55843,0.13887,0.39888,1.64671,0.000104722,0.000104722,0.000104722
265,707.81,0.65819,2.03205,0.14128,0.30291,0.83619,1,1,0.995,0.795,0.92857,0.76923,0.765,0.42103,0.93152,3.54498,0.13701,0.40369,1.68284,0.00010398,0.00010398,0.00010398
266,710.513,0.54681,2.02121,0.13614,0.29972,0.80795,1,1,0.995,0.78827,0.91991,0.76923,0.765,0.43724,0.91402,3.43565,0.13506,0.40843,1.64771,0.000103237,0.000103237,0.000103237
267,713.278,0.68958,2.05203,0.1415,0.3059,0.8193,1,1,0.995,0.786,0.89719,0.76923,0.765,0.43633,0.86527,3.33703,0.13462,0.40807,1.58385,0.000102495,0.000102495,0.000102495
268,716.004,0.5884,2.06104,0.14065,0.29834,0.80707,1,1,0.995,0.8017,0.85441,0.76923,0.765,0.42902,0.8224,3.2975,0.13541,0.39618,1.54003,0.000101752,0.000101752,0.000101752
269,718.711,0.7716,2.02917,0.12639,0.32427,0.75463,1,1,0.995,0.79995,0.84468,0.76923,0.765,0.42902,0.82483,3.342,0.13654,0.40173,1.53965,0.00010101,0.00010101,0.00010101
270,721.058,0.78171,2.05444,0.13505,0.32518,0.77651,1,1,0.995,0.7867,0.86496,0.76923,0.765,0.4085,0.85439,3.42426,0.13749,0.40989,1.56505,0.000100267,0.000100267,0.000100267
271,723.611,0.70141,2.05961,0.13257,0.31498,0.78236,0.99502,1,0.995,0.7787,0.89879,0.76923,0.765,0.4038,0.90536,3.49301,0.13663,0.4212,1.60288,9.9525e-05,9.9525e-05,9.9525e-05
272,726.145,0.82674,2.05923,0.13847,0.33608,0.75383,0.99543,1,0.995,0.76085,0.93029,0.76923,0.765,0.3825,0.9435,3.53978,0.13363,0.42894,1.66896,9.87825e-05,9.87825e-05,9.87825e-05
273,728.693,0.73306,2.06433,0.14157,0.31654,0.75563,0.99555,1,0.995,0.76945,0.9247,0.76923,0.765,0.4071,0.95551,3.55853,0.13026,0.42806,1.72372,9.804e-05,9.804e-05,9.804e-05
274,731.313,0.69375,2.06441,0.12641,0.3136,0.80245,0.99548,1,0.995,0.78318,0.92239,0.76923,0.765,0.42688,0.94273,3.53073,0.12848,0.42644,1.73633,9.72975e-05,9.72975e-05,9.72975e-05
275,733.962,0.66315,2.06102,0.12995,0.30117,0.77903,0.99525,1,0.995,0.7877,0.93006,0.76923,0.765,0.44607,0.92518,3.49388,0.13003,0.43032,1.70838,9.6555e-05,9.6555e-05,9.6555e-05
276,736.581,0.71251,2.03672,0.11886,0.31772,0.77991,0.9951,1,0.995,0.8154,0.93024,0.76923,0.765,0.4607,0.9078,3.44298,0.13236,0.43206,1.65914,9.58125e-05,9.58125e-05,9.58125e-05
277,739.183,0.50446,2.0485,0.12709,0.27882,0.89543,0.99518,1,0.995,0.8049,0.9245,0.76923,0.765,0.45556,0.89259,3.4057,0.13374,0.43468,1.60654,9.507e-05,9.507e-05,9.507e-05
278,741.842,0.80376,2.05743,0.13237,0.32523,0.73858,0.99542,1,0.995,0.79933,0.91941,0.76923,0.765,0.45101,0.87659,3.34906,0.13296,0.42797,1.555,9.43275e-05,9.43275e-05,9.43275e-05
279,744.472,0.64308,2.02265,0.12798,0.29021,0.81693,0.99562,1,0.995,0.79933,0.91951,0.76923,0.765,0.45101,0.87976,3.3366,0.13094,0.42037,1.55278,9.3585e-05,9.3585e-05,9.3585e-05
280,747.102,0.64997,2.01495,0.11804,0.29778,0.7939,0.99559,1,0.995,0.80952,0.91749,0.76923,0.765,0.4456,0.88366,3.35998,0.12876,0.41896,1.58042,9.28425e-05,9.28425e-05,9.28425e-05
281,749.728,0.74478,2.03936,0.12639,0.32838,0.81359,1,1,0.995,0.80952,0.92034,0.76923,0.765,0.44046,0.90156,3.45415,0.12633,0.42315,1.65735,9.21e-05,9.21e-05,9.21e-05
282,752.342,0.68417,2.01572,0.13037,0.30137,0.80076,0.99563,1,0.995,0.7894,0.92526,0.76923,0.765,0.44626,0.91819,3.58584,0.12584,0.42299,1.73083,9.13575e-05,9.13575e-05,9.13575e-05
283,754.979,0.72422,2.02029,0.11659,0.31413,0.78563,0.9956,1,0.995,0.80571,0.92703,0.76923,0.765,0.40688,0.92354,3.63593,0.12637,0.41677,1.76575,9.0615e-05,9.0615e-05,9.0615e-05
284,757.608,0.66397,2.0449,0.13001,0.28987,0.8018,0.99566,1,0.995,0.8192,0.92614,0.76923,0.765,0.40485,0.91038,3.61657,0.1257,0.4198,1.72332,8.98725e-05,8.98725e-05,8.98725e-05
285,760.193,0.84085,2.03586,0.117,0.33882,0.73277,1,1,0.995,0.8192,0.92399,0.76923,0.765,0.40485,0.88768,3.53141,0.12451,0.4169,1.64407,8.913e-05,8.913e-05,8.913e-05
286,762.517,0.57359,2.02156,0.12654,0.27355,0.82039,0.99558,1,0.995,0.82,0.92743,0.76923,0.765,0.43365,0.8964,3.4815,0.12388,0.41384,1.62518,8.83875e-05,8.83875e-05,8.83875e-05
